,filename,threshold,data-flow,control-flow,data-flow-percentage,control-flow-percentage,crossovers,crossovers/control-flow
0,fluidanimate___1___5___in_35K.fluid.csv,1,26347,13664,65.84939141736022,34.15060858263978,384,2.810304449648712
1,fluidanimate___1___5___in_35K.fluid.csv,2,23218,16793,58.0290420134463,41.9709579865537,1021,6.079914249985112
2,fluidanimate___1___5___in_35K.fluid.csv,3,21438,18573,53.580265427007575,46.419734572992425,1624,8.743875518225382
3,fluidanimate___1___5___in_35K.fluid.csv,4,20289,19722,50.70855514733448,49.291444852665514,2244,11.378156373592942
4,fluidanimate___1___5___in_35K.fluid.csv,5,19484,20527,48.69660843268101,51.30339156731899,2652,12.919569347688412
5,fluidanimate___1___5___in_35K.fluid.csv,6,18497,21514,46.22978680862763,53.77021319137237,3006,13.972297108859348
6,fluidanimate___1___5___in_35K.fluid.csv,7,18008,22003,45.00762290370148,54.99237709629852,3312,15.052492841885199
7,fluidanimate___1___5___in_35K.fluid.csv,8,17521,22490,43.790457624153355,56.209542375846645,3653,16.24277456647399
8,fluidanimate___1___5___in_35K.fluid.csv,9,17185,22826,42.95068856064582,57.04931143935418,3938,17.252256199071233
9,fluidanimate___1___5___in_35K.fluid.csv,10,16796,23215,41.978455924620725,58.021544075379275,4301,18.52681455955201
10,fluidanimate___1___5___in_35K.fluid.csv,11,16538,23473,41.33363325085602,58.66636674914398,4477,19.072977463468664
11,fluidanimate___1___5___in_35K.fluid.csv,12,16354,23657,40.87375971607808,59.12624028392193,4670,19.740457369911653
12,fluidanimate___1___5___in_35K.fluid.csv,13,16045,23966,40.10147209517383,59.89852790482617,4852,20.245347575732286
13,fluidanimate___1___5___in_35K.fluid.csv,14,15777,24234,39.43165629451901,60.568343705481,5023,20.727077659486675
14,fluidanimate___1___5___in_35K.fluid.csv,15,15593,24418,38.97178275974107,61.02821724025893,5144,21.06642640674912
15,fluidanimate___1___5___in_35K.fluid.csv,16,15416,24595,38.52940441378621,61.4705955862138,5289,21.504370807074608
16,fluidanimate___1___5___in_35K.fluid.csv,17,15254,24757,38.1245157581665,61.8754842418335,5423,21.90491578139516
17,fluidanimate___1___5___in_35K.fluid.csv,18,15160,24851,37.88958036539952,62.11041963460049,5506,22.156050058347752
18,fluidanimate___1___5___in_35K.fluid.csv,19,15061,24950,37.64214840918748,62.35785159081253,5585,22.384769539078157
19,fluidanimate___1___5___in_35K.fluid.csv,20,14967,25044,37.407213016420485,62.592786983579515,5686,22.704040888037056
20,fluidanimate___1___5___in_35K.fluid.csv,21,14840,25171,37.089800304916146,62.910199695083854,5778,22.954987882881092
21,fluidanimate___1___5___in_35K.fluid.csv,22,14717,25294,36.78238484416785,63.21761515583214,5917,23.392899501858146
22,fluidanimate___1___5___in_35K.fluid.csv,23,14615,25396,36.527454949888785,63.472545050111215,6018,23.69664514096708
23,fluidanimate___1___5___in_35K.fluid.csv,24,14537,25474,36.33250856014596,63.66749143985404,6148,24.134411556881528
24,fluidanimate___1___5___in_35K.fluid.csv,25,14425,25586,36.052585538976786,63.94741446102322,6234,24.36488704760416
25,fluidanimate___1___5___in_35K.fluid.csv,26,14381,25630,35.94261578066032,64.05738421933968,6284,24.518142801404604
26,fluidanimate___1___5___in_35K.fluid.csv,27,14312,25699,35.77016320511859,64.22983679488141,6402,24.91147515467528
27,fluidanimate___1___5___in_35K.fluid.csv,28,14272,25739,35.670190697558176,64.32980930244183,6509,25.288472745638913
28,fluidanimate___1___5___in_35K.fluid.csv,29,14211,25800,35.51773262352853,64.48226737647147,6557,25.414728682170544
29,fluidanimate___1___5___in_35K.fluid.csv,30,14156,25855,35.38027042563295,64.61972957436704,6618,25.596596403016825
30,fluidanimate___1___5___in_35K.fluid.csv,31,14115,25896,35.27779860538352,64.72220139461649,6663,25.729842446709917
31,fluidanimate___1___5___in_35K.fluid.csv,32,14058,25953,35.13533778210992,64.86466221789009,6709,25.850576041305434
32,fluidanimate___1___5___in_35K.fluid.csv,33,14004,26007,35.00037489690335,64.99962510309665,6763,26.004537239973853
33,fluidanimate___1___5___in_35K.fluid.csv,34,13962,26049,34.89540376396491,65.10459623603509,6806,26.127682444623595
34,fluidanimate___1___5___in_35K.fluid.csv,35,13893,26118,34.72295118842318,65.27704881157682,6859,26.26158205069301
35,fluidanimate___1___5___in_35K.fluid.csv,36,13856,26155,34.6304766189298,65.36952338107021,6903,26.392659147390557
36,fluidanimate___1___5___in_35K.fluid.csv,37,13802,26209,34.49551373372323,65.50448626627677,6953,26.529054904803694
37,fluidanimate___1___5___in_35K.fluid.csv,38,13782,26229,34.44552747994302,65.55447252005699,6986,26.63464104617027
38,fluidanimate___1___5___in_35K.fluid.csv,39,13753,26258,34.37304741196171,65.6269525880383,7027,26.761367964049054
39,fluidanimate___1___5___in_35K.fluid.csv,40,13720,26291,34.29057009322437,65.70942990677564,7077,26.917956715225742
40,fluidanimate___1___5___in_35K.fluid.csv,41,13702,26309,34.24558246482217,65.75441753517782,7125,27.081987152685393
41,fluidanimate___1___5___in_35K.fluid.csv,42,13663,26348,34.148109269950766,65.85189073004923,7170,27.21269166540155
42,fluidanimate___1___5___in_35K.fluid.csv,43,13647,26364,34.1081202669266,65.8918797330734,7199,27.306175087240174
43,fluidanimate___1___5___in_35K.fluid.csv,44,13616,26395,34.030641573567266,65.96935842643273,7219,27.349876870619433
44,fluidanimate___1___5___in_35K.fluid.csv,45,13581,26430,33.9431656294519,66.0568343705481,7241,27.396897465001892
45,fluidanimate___1___5___in_35K.fluid.csv,46,13571,26440,33.918172502561795,66.08182749743821,7291,27.575642965204235
46,fluidanimate___1___5___in_35K.fluid.csv,47,13556,26455,33.88068281222664,66.11931718777336,7327,27.696087696087694
47,fluidanimate___1___5___in_35K.fluid.csv,48,13543,26468,33.8481917472695,66.1518082527305,7353,27.780716336708476
48,fluidanimate___1___5___in_35K.fluid.csv,49,13528,26483,33.810702056934346,66.18929794306567,7389,27.900917569761734
49,fluidanimate___1___5___in_35K.fluid.csv,50,13520,26491,33.79070755542226,66.20929244457774,7409,27.967989128383223
50,fluidanimate___1___5___in_35K.fluid.csv,51,13509,26502,33.763215115843145,66.23678488415685,7452,28.118632556033507
51,fluidanimate___1___5___in_35K.fluid.csv,52,13501,26510,33.74322061433106,66.25677938566893,7522,28.37419841569219
52,fluidanimate___1___5___in_35K.fluid.csv,53,13475,26536,33.67823848441678,66.3217615155832,7564,28.504672897196258
53,fluidanimate___1___5___in_35K.fluid.csv,54,13446,26565,33.605758416435485,66.39424158356452,7582,28.541313758705062
54,fluidanimate___1___5___in_35K.fluid.csv,55,13433,26578,33.57326735147834,66.42673264852166,7592,28.564978553691024
55,fluidanimate___1___5___in_35K.fluid.csv,56,13394,26617,33.47579415660693,66.52420584339308,7743,29.09043092760266
56,fluidanimate___1___5___in_35K.fluid.csv,57,13380,26631,33.440803778960785,66.55919622103922,7764,29.153993466261124
57,fluidanimate___1___5___in_35K.fluid.csv,58,13377,26634,33.43330584089376,66.56669415910625,7789,29.244574603889767
58,fluidanimate___1___5___in_35K.fluid.csv,59,13355,26656,33.378320961735525,66.62167903826447,7804,29.27671068427371
59,fluidanimate___1___5___in_35K.fluid.csv,60,13341,26670,33.34333058408937,66.65666941591063,7833,29.370078740157478
60,fluidanimate___1___5___in_35K.fluid.csv,61,13335,26676,33.328334707955314,66.6716652920447,7851,29.43094916779127
61,fluidanimate___1___5___in_35K.fluid.csv,62,13330,26681,33.31583814451026,66.68416185548975,7874,29.51163749484652
62,fluidanimate___1___5___in_35K.fluid.csv,63,13327,26684,33.308340206443226,66.69165979355677,7888,29.56078548943187
63,fluidanimate___1___5___in_35K.fluid.csv,64,13321,26690,33.29334433030917,66.70665566969085,7901,29.602847508430123
64,fluidanimate___1___5___in_35K.fluid.csv,65,13313,26698,33.27334982879708,66.72665017120292,7925,29.683871451045025
65,fluidanimate___1___5___in_35K.fluid.csv,66,13311,26700,33.26835120341906,66.73164879658094,7937,29.726591760299627
66,fluidanimate___1___5___in_35K.fluid.csv,67,13300,26711,33.240858763839945,66.75914123616006,7943,29.73681254913706
67,fluidanimate___1___5___in_35K.fluid.csv,68,13298,26713,33.23586013846192,66.76413986153807,7962,29.805712574401976
68,fluidanimate___1___5___in_35K.fluid.csv,69,13293,26718,33.22336357501687,66.77663642498312,7980,29.867505052773414
69,fluidanimate___1___5___in_35K.fluid.csv,70,13277,26734,33.1833745719927,66.8166254280073,7997,29.91321912171766
70,fluidanimate___1___5___in_35K.fluid.csv,71,13222,26789,33.04591237409713,66.95408762590289,8027,29.963791108290717
71,fluidanimate___1___5___in_35K.fluid.csv,72,13219,26792,33.03841443603009,66.9615855639699,8038,30.001492982979993
72,fluidanimate___1___5___in_35K.fluid.csv,73,13217,26794,33.03341581065207,66.96658418934793,8051,30.04777188922893
73,fluidanimate___1___5___in_35K.fluid.csv,74,13196,26815,32.98093024418285,67.01906975581716,8062,30.065261980234943
74,fluidanimate___1___5___in_35K.fluid.csv,75,13192,26819,32.97093299342681,67.0290670065732,8074,30.105522204407325
75,fluidanimate___1___5___in_35K.fluid.csv,76,13176,26835,32.93094399040264,67.06905600959736,8089,30.14346934972983
76,fluidanimate___1___5___in_35K.fluid.csv,77,13171,26840,32.918447426957584,67.08155257304242,8103,30.190014903129658
77,fluidanimate___1___5___in_35K.fluid.csv,78,13158,26853,32.88595636200045,67.11404363799956,8122,30.246154991993446
78,fluidanimate___1___5___in_35K.fluid.csv,79,13153,26858,32.8734597985554,67.12654020144461,8137,30.29637351999404
79,fluidanimate___1___5___in_35K.fluid.csv,80,13151,26860,32.86846117317738,67.13153882682262,8149,30.338793745346237
80,fluidanimate___1___5___in_35K.fluid.csv,81,13147,26864,32.858463922421336,67.14153607757866,8175,30.431060154854077
81,fluidanimate___1___5___in_35K.fluid.csv,82,13146,26865,32.855964609732325,67.14403539026767,8191,30.489484459333703
82,fluidanimate___1___5___in_35K.fluid.csv,83,13143,26868,32.84846667166529,67.15153332833471,8209,30.553074289117166
83,fluidanimate___1___5___in_35K.fluid.csv,84,13140,26871,32.84096873359826,67.15903126640174,8229,30.62409288824383
84,fluidanimate___1___5___in_35K.fluid.csv,85,13126,26885,32.805978355952114,67.19402164404788,8263,30.73461037753394
85,fluidanimate___1___5___in_35K.fluid.csv,86,13125,26886,32.8034790432631,67.19652095673689,8274,30.7743807185896
86,fluidanimate___1___5___in_35K.fluid.csv,87,13115,26896,32.77848591637299,67.221514083627,8288,30.814991076740032
87,fluidanimate___1___5___in_35K.fluid.csv,88,13111,26900,32.76848866561696,67.23151133438304,8310,30.892193308550187
88,fluidanimate___1___5___in_35K.fluid.csv,89,13109,26902,32.763490040238935,67.23650995976107,8321,30.93078581518103
89,fluidanimate___1___5___in_35K.fluid.csv,90,13108,26903,32.760990727549924,67.23900927245008,8338,30.99282607887596
90,fluidanimate___1___5___in_35K.fluid.csv,91,13099,26912,32.73849691334883,67.26150308665117,8346,31.01218787158145
91,fluidanimate___1___5___in_35K.fluid.csv,92,13080,26931,32.69100997225763,67.30899002774237,8438,31.33192232000297
92,fluidanimate___1___5___in_35K.fluid.csv,93,13074,26937,32.676014096123566,67.32398590387643,8455,31.388053606563464
93,fluidanimate___1___5___in_35K.fluid.csv,94,13073,26938,32.673514783434555,67.32648521656544,8460,31.405449550820403
94,fluidanimate___1___5___in_35K.fluid.csv,95,13073,26938,32.673514783434555,67.32648521656544,8466,31.427722919296166
95,fluidanimate___1___5___in_35K.fluid.csv,96,13067,26944,32.65851890730049,67.34148109269951,8487,31.498663895486935
96,fluidanimate___1___5___in_35K.fluid.csv,97,13065,26946,32.65352028192247,67.34647971807752,8492,31.514881615082015
97,fluidanimate___1___5___in_35K.fluid.csv,98,13061,26950,32.643523031166424,67.35647696883356,8502,31.547309833024116
98,fluidanimate___1___5___in_35K.fluid.csv,99,13057,26954,32.63352578041039,67.3664742195896,8508,31.56488832826297
99,fluidanimate___1___5___in_35K.fluid.csv,100,13054,26957,32.626027842343355,67.37397215765665,8521,31.609600474830284
100,bodytrack___sequenceB_1___4___1___1000___5___0___1.csv,1,53735,23000,70.02671531895484,29.973284681045154,636,2.765217391304348
101,bodytrack___sequenceB_1___4___1___1000___5___0___1.csv,2,48271,28464,62.906105427770896,37.093894572229104,1573,5.52627880831928
102,bodytrack___sequenceB_1___4___1___1000___5___0___1.csv,3,44994,31741,58.63556395386721,41.364436046132795,2499,7.873097886014933
103,bodytrack___sequenceB_1___4___1___1000___5___0___1.csv,4,42814,33921,55.79461784062032,44.20538215937969,3619,10.668907166651927
104,bodytrack___sequenceB_1___4___1___1000___5___0___1.csv,5,41335,35400,53.867205317000064,46.132794682999936,4455,12.584745762711863
105,bodytrack___sequenceB_1___4___1___1000___5___0___1.csv,6,40071,36664,52.219977845833064,47.78002215416694,5054,13.784638882827844
106,bodytrack___sequenceB_1___4___1___1000___5___0___1.csv,7,39022,37713,50.852935427119306,49.147064572880694,5686,15.077029141144962
107,bodytrack___sequenceB_1___4___1___1000___5___0___1.csv,8,38165,38570,49.736104776177754,50.26389522382224,6304,16.34430904848328
108,bodytrack___sequenceB_1___4___1___1000___5___0___1.csv,9,37519,39216,48.894246432527524,51.10575356747247,6919,17.64330885352917
109,bodytrack___sequenceB_1___4___1___1000___5___0___1.csv,10,36845,39890,48.015898872743854,51.984101127256146,7601,19.054900977688643
110,bodytrack___sequenceB_1___4___1___1000___5___0___1.csv,11,36319,40416,47.330422883951265,52.669577116048735,7968,19.71496437054632
111,bodytrack___sequenceB_1___4___1___1000___5___0___1.csv,12,35864,40871,46.737473121782756,53.262526878217244,8422,20.606297864011157
112,bodytrack___sequenceB_1___4___1___1000___5___0___1.csv,13,35308,41427,46.01290154427575,53.98709845572425,8802,21.24701281772757
113,bodytrack___sequenceB_1___4___1___1000___5___0___1.csv,14,34926,41809,45.515084381312306,54.484915618687694,9193,21.988088689038246
114,bodytrack___sequenceB_1___4___1___1000___5___0___1.csv,15,34581,42154,45.065485111096635,54.93451488890337,9546,22.645537790008067
115,bodytrack___sequenceB_1___4___1___1000___5___0___1.csv,16,34297,42438,44.69538020460025,55.30461979539976,9956,23.460106508318017
116,bodytrack___sequenceB_1___4___1___1000___5___0___1.csv,17,34010,42725,44.32136573923242,55.67863426076758,10345,24.212990052662377
117,bodytrack___sequenceB_1___4___1___1000___5___0___1.csv,18,33751,42984,43.983840489998045,56.01615951000195,10598,24.65568583659036
118,bodytrack___sequenceB_1___4___1___1000___5___0___1.csv,19,33531,43204,43.6971395060924,56.3028604939076,10858,25.131932228497362
119,bodytrack___sequenceB_1___4___1___1000___5___0___1.csv,20,33375,43360,43.49384244477748,56.506157555222515,11100,25.599630996309962
120,bodytrack___sequenceB_1___4___1___1000___5___0___1.csv,21,33201,43534,43.26708803023392,56.73291196976608,11313,25.986585197776453
121,bodytrack___sequenceB_1___4___1___1000___5___0___1.csv,22,32962,43773,42.955626506809146,57.04437349319085,11496,26.262764717976832
122,bodytrack___sequenceB_1___4___1___1000___5___0___1.csv,23,32809,43926,42.756239004365675,57.24376099563433,11682,26.59472749624368
123,bodytrack___sequenceB_1___4___1___1000___5___0___1.csv,24,32665,44070,42.56858017853652,57.43141982146348,11907,27.018379850238254
124,bodytrack___sequenceB_1___4___1___1000___5___0___1.csv,25,32501,44234,42.35485762689776,57.64514237310223,12093,27.338698738526922
125,bodytrack___sequenceB_1___4___1___1000___5___0___1.csv,26,32382,44353,42.19977845833062,57.80022154166938,12271,27.66667418212973
126,bodytrack___sequenceB_1___4___1___1000___5___0___1.csv,27,32286,44449,42.07467257444451,57.92532742555549,12459,28.029876937613896
127,bodytrack___sequenceB_1___4___1___1000___5___0___1.csv,28,32199,44536,41.96129536717274,58.03870463282726,12662,28.430932279504223
128,bodytrack___sequenceB_1___4___1___1000___5___0___1.csv,29,32109,44626,41.84400860102952,58.155991398970485,12764,28.60216017568234
129,bodytrack___sequenceB_1___4___1___1000___5___0___1.csv,30,32027,44708,41.73714732521014,58.26285267478987,12873,28.79350451820703
130,bodytrack___sequenceB_1___4___1___1000___5___0___1.csv,31,31976,44759,41.67068482439565,58.32931517560436,12981,29.001988426908554
131,bodytrack___sequenceB_1___4___1___1000___5___0___1.csv,32,31876,44859,41.54036619534762,58.45963380465238,13117,29.24050915089503
132,bodytrack___sequenceB_1___4___1___1000___5___0___1.csv,33,31743,44992,41.36704241871376,58.63295758128625,13267,29.487464438122334
133,bodytrack___sequenceB_1___4___1___1000___5___0___1.csv,34,31659,45076,41.25757477031342,58.74242522968658,13365,29.649924571834234
134,bodytrack___sequenceB_1___4___1___1000___5___0___1.csv,35,31600,45135,41.18068677917508,58.819313220824924,13468,29.83937077655921
135,bodytrack___sequenceB_1___4___1___1000___5___0___1.csv,36,31547,45188,41.11161790577963,58.88838209422037,13555,29.996901832344868
136,bodytrack___sequenceB_1___4___1___1000___5___0___1.csv,37,31476,45259,41.01909167915554,58.98090832084446,13702,30.274641507766407
137,bodytrack___sequenceB_1___4___1___1000___5___0___1.csv,38,31386,45349,40.90180491301231,59.09819508698768,13800,30.43065999250259
138,bodytrack___sequenceB_1___4___1___1000___5___0___1.csv,39,31304,45431,40.79494363719294,59.20505636280706,13937,30.677290836653388
139,bodytrack___sequenceB_1___4___1___1000___5___0___1.csv,40,31252,45483,40.72717795008797,59.27282204991203,14046,30.881867950662883
140,bodytrack___sequenceB_1___4___1___1000___5___0___1.csv,41,31208,45527,40.66983775330684,59.33016224669316,14133,31.043117271069914
141,bodytrack___sequenceB_1___4___1___1000___5___0___1.csv,42,31125,45610,40.561673291196975,59.438326708803025,14249,31.240955930716947
142,bodytrack___sequenceB_1___4___1___1000___5___0___1.csv,43,31080,45655,40.50302990812536,59.49697009187464,14335,31.398532471799367
143,bodytrack___sequenceB_1___4___1___1000___5___0___1.csv,44,31009,45726,40.41050368150127,59.589496318498725,14432,31.561912259983377
144,bodytrack___sequenceB_1___4___1___1000___5___0___1.csv,45,30944,45791,40.32579657262006,59.67420342737994,14475,31.611015265008408
145,bodytrack___sequenceB_1___4___1___1000___5___0___1.csv,46,30868,45867,40.22675441454356,59.773245585456436,14542,31.704711448317962
146,bodytrack___sequenceB_1___4___1___1000___5___0___1.csv,47,30825,45910,40.17071740405291,59.829282595947085,14644,31.897190154650403
147,bodytrack___sequenceB_1___4___1___1000___5___0___1.csv,48,30791,45944,40.126409070176585,59.873590929823415,14780,32.16959777119972
148,bodytrack___sequenceB_1___4___1___1000___5___0___1.csv,49,30764,45971,40.09122304033362,59.90877695966639,14876,32.35953100867939
149,bodytrack___sequenceB_1___4___1___1000___5___0___1.csv,50,30747,45988,40.06906887339545,59.93093112660455,14928,32.46064190658433
150,bodytrack___sequenceB_1___4___1___1000___5___0___1.csv,51,30720,46015,40.03388284355249,59.96611715644752,14989,32.574160599804415
151,bodytrack___sequenceB_1___4___1___1000___5___0___1.csv,52,30701,46034,40.00912230403336,59.99087769596664,15093,32.786635964721725
152,bodytrack___sequenceB_1___4___1___1000___5___0___1.csv,53,30635,46100,39.923112008861665,60.07688799113833,15167,32.90021691973969
153,bodytrack___sequenceB_1___4___1___1000___5___0___1.csv,54,30607,46128,39.88662279272822,60.11337720727178,15214,32.982136663198055
154,bodytrack___sequenceB_1___4___1___1000___5___0___1.csv,55,30573,46162,39.84231445885189,60.15768554114811,15274,33.08782115159655
155,bodytrack___sequenceB_1___4___1___1000___5___0___1.csv,56,30538,46197,39.79670293868509,60.20329706131492,15442,33.42641297053921
156,bodytrack___sequenceB_1___4___1___1000___5___0___1.csv,57,30527,46208,39.7823678894898,60.2176321105102,15478,33.49636426592798
157,bodytrack___sequenceB_1___4___1___1000___5___0___1.csv,58,30504,46231,39.75239460480876,60.247605395191236,15522,33.57487400229283
158,bodytrack___sequenceB_1___4___1___1000___5___0___1.csv,59,30485,46250,39.727634065289635,60.27236593471037,15564,33.65189189189189
159,bodytrack___sequenceB_1___4___1___1000___5___0___1.csv,60,30476,46259,39.71590538867531,60.28409461132469,15603,33.72965260814112
160,bodytrack___sequenceB_1___4___1___1000___5___0___1.csv,61,30449,46286,39.68071935883234,60.31928064116765,15621,33.74886574774229
161,bodytrack___sequenceB_1___4___1___1000___5___0___1.csv,62,30414,46321,39.63510783866554,60.36489216133446,15669,33.82698991817966
162,bodytrack___sequenceB_1___4___1___1000___5___0___1.csv,63,30403,46332,39.62077278947025,60.37922721052974,15703,33.892342225675556
163,bodytrack___sequenceB_1___4___1___1000___5___0___1.csv,64,30394,46341,39.60904411285593,60.390955887144074,15752,33.991497809714936
164,bodytrack___sequenceB_1___4___1___1000___5___0___1.csv,65,30385,46350,39.59731543624161,60.40268456375839,15789,34.064724919093855
165,bodytrack___sequenceB_1___4___1___1000___5___0___1.csv,66,30378,46357,39.58819313220825,60.41180686779175,15822,34.1307677373428
166,bodytrack___sequenceB_1___4___1___1000___5___0___1.csv,67,30363,46372,39.568645337851045,60.43135466214895,15853,34.18657810747865
167,bodytrack___sequenceB_1___4___1___1000___5___0___1.csv,68,30342,46393,39.54127842575096,60.45872157424904,15886,34.24223481990818
168,bodytrack___sequenceB_1___4___1___1000___5___0___1.csv,69,30330,46405,39.5256401902652,60.4743598097348,15940,34.34974679452645
169,bodytrack___sequenceB_1___4___1___1000___5___0___1.csv,70,30317,46418,39.508698768488955,60.49130123151104,15967,34.39829376534965
170,bodytrack___sequenceB_1___4___1___1000___5___0___1.csv,71,30251,46484,39.422688473317265,60.57731152668274,16004,34.42905085620859
171,bodytrack___sequenceB_1___4___1___1000___5___0___1.csv,72,30239,46496,39.4070502378315,60.5929497621685,16025,34.46533035099794
172,bodytrack___sequenceB_1___4___1___1000___5___0___1.csv,73,30206,46529,39.364045090245654,60.63595490975435,16053,34.501063852651036
173,bodytrack___sequenceB_1___4___1___1000___5___0___1.csv,74,30184,46551,39.33537499185509,60.66462500814491,16075,34.53201864621598
174,bodytrack___sequenceB_1___4___1___1000___5___0___1.csv,75,30179,46556,39.328859060402685,60.671140939597315,16104,34.59060056705903
175,bodytrack___sequenceB_1___4___1___1000___5___0___1.csv,76,30143,46592,39.2819443539454,60.7180556460546,16199,34.767771291208796
176,bodytrack___sequenceB_1___4___1___1000___5___0___1.csv,77,30138,46597,39.275428422493,60.724571577507,16228,34.826276369723374
177,bodytrack___sequenceB_1___4___1___1000___5___0___1.csv,78,30063,46672,39.17768945070698,60.82231054929302,16251,34.81959204662324
178,bodytrack___sequenceB_1___4___1___1000___5___0___1.csv,79,30058,46677,39.17117351925457,60.82882648074543,16280,34.877991301926
179,bodytrack___sequenceB_1___4___1___1000___5___0___1.csv,80,30054,46681,39.16596077409265,60.83403922590735,16303,34.92427325892761
180,bodytrack___sequenceB_1___4___1___1000___5___0___1.csv,81,30046,46689,39.15553528376881,60.84446471623119,16352,35.0232388785367
181,bodytrack___sequenceB_1___4___1___1000___5___0___1.csv,82,30031,46704,39.13598748941161,60.86401251058838,16391,35.095495032545394
182,bodytrack___sequenceB_1___4___1___1000___5___0___1.csv,83,30012,46723,39.11122694989248,60.88877305010752,16424,35.15185240673758
183,bodytrack___sequenceB_1___4___1___1000___5___0___1.csv,84,30001,46734,39.09689190069721,60.90310809930279,16472,35.246287499465055
184,bodytrack___sequenceB_1___4___1___1000___5___0___1.csv,85,29991,46744,39.0838600377924,60.916139962207595,16508,35.31576245079582
185,bodytrack___sequenceB_1___4___1___1000___5___0___1.csv,86,29986,46749,39.07734410634,60.92265589365999,16530,35.35904511326445
186,bodytrack___sequenceB_1___4___1___1000___5___0___1.csv,87,29982,46753,39.07213136117808,60.92786863882193,16555,35.40949243898787
187,bodytrack___sequenceB_1___4___1___1000___5___0___1.csv,88,29970,46765,39.05649312569231,60.94350687430769,16595,35.48594033999786
188,bodytrack___sequenceB_1___4___1___1000___5___0___1.csv,89,29958,46777,39.04085489020655,60.95914510979345,16613,35.51531735682066
189,bodytrack___sequenceB_1___4___1___1000___5___0___1.csv,90,29955,46780,39.03694533133512,60.96305466866488,16643,35.57716973065412
190,bodytrack___sequenceB_1___4___1___1000___5___0___1.csv,91,29948,46787,39.02782302730175,60.97217697269824,16663,35.61459379742236
191,bodytrack___sequenceB_1___4___1___1000___5___0___1.csv,92,29925,46810,38.9978497426207,61.0021502573793,16769,35.82354197820978
192,bodytrack___sequenceB_1___4___1___1000___5___0___1.csv,93,29919,46816,38.990030624877825,61.009969375122175,16791,35.86594326725906
193,bodytrack___sequenceB_1___4___1___1000___5___0___1.csv,94,29912,46823,38.98090832084446,61.01909167915554,16802,35.88407406616406
194,bodytrack___sequenceB_1___4___1___1000___5___0___1.csv,95,29902,46833,38.96787645793966,61.03212354206033,16821,35.91698161552751
195,bodytrack___sequenceB_1___4___1___1000___5___0___1.csv,96,29893,46842,38.95614778132534,61.04385221867466,16860,35.99333931087486
196,bodytrack___sequenceB_1___4___1___1000___5___0___1.csv,97,29878,46857,38.93659998696813,61.06340001303187,16885,36.035170838935485
197,bodytrack___sequenceB_1___4___1___1000___5___0___1.csv,98,29866,46869,38.92096175148237,61.07903824851763,16903,36.0643495700783
198,bodytrack___sequenceB_1___4___1___1000___5___0___1.csv,99,29862,46873,38.91574900632045,61.08425099367955,16916,36.089006464275805
199,bodytrack___sequenceB_1___4___1___1000___5___0___1.csv,100,29860,46875,38.9131426337395,61.0868573662605,16934,36.12586666666667
200,cholesky___-p1_______tk14.0.csv,1,24674,12263,66.80022741424588,33.199772585754125,370,3.0172062301231346
201,cholesky___-p1_______tk14.0.csv,2,21671,15266,58.670168124103206,41.3298318758968,901,5.902004454342984
202,cholesky___-p1_______tk14.0.csv,3,19888,17049,53.843030024095086,46.15696997590492,1463,8.581148454454807
203,cholesky___-p1_______tk14.0.csv,4,18827,18110,50.97057151365839,49.02942848634161,1941,10.717835450027609
204,cholesky___-p1_______tk14.0.csv,5,18101,18836,49.00506267428324,50.99493732571676,2398,12.730940751751966
205,cholesky___-p1_______tk14.0.csv,6,17495,19442,47.36443132901968,52.63556867098031,2734,14.062339265507665
206,cholesky___-p1_______tk14.0.csv,7,17014,19923,46.06221404012237,53.93778595987763,3080,15.459519148722581
207,cholesky___-p1_______tk14.0.csv,8,16508,20429,44.69231393995181,55.30768606004819,3358,16.437417396837827
208,cholesky___-p1_______tk14.0.csv,9,16224,20713,43.9234372038877,56.07656279611229,3605,17.404528556944914
209,cholesky___-p1_______tk14.0.csv,10,15914,21023,43.08417034409941,56.91582965590059,3923,18.660514674404226
210,cholesky___-p1_______tk14.0.csv,11,15666,21271,42.41275685626878,57.587243143731214,4137,19.449015090968924
211,cholesky___-p1_______tk14.0.csv,12,15489,21448,41.93356255245418,58.06643744754582,4327,20.174375233121967
212,cholesky___-p1_______tk14.0.csv,13,15245,21692,41.27297831442726,58.72702168557274,4504,20.763415083901897
213,cholesky___-p1_______tk14.0.csv,14,15082,21855,40.83168638492569,59.16831361507432,4661,21.32692747654999
214,cholesky___-p1_______tk14.0.csv,15,14916,22021,40.38227251807131,59.61772748192868,4759,21.611189319286137
215,cholesky___-p1_______tk14.0.csv,16,14745,22192,39.91932208896229,60.08067791103772,4846,21.836697909156452
216,cholesky___-p1_______tk14.0.csv,17,14620,22317,39.58090803259604,60.41909196740396,4946,22.162477035443832
217,cholesky___-p1_______tk14.0.csv,18,14531,22406,39.33995722446328,60.66004277553672,5053,22.551995001338927
218,cholesky___-p1_______tk14.0.csv,19,14422,22515,39.04486016731191,60.95513983268809,5147,22.86031534532534
219,cholesky___-p1_______tk14.0.csv,20,14345,22592,38.836397108590305,61.163602891409695,5242,23.202903682719548
220,cholesky___-p1_______tk14.0.csv,21,14248,22689,38.5737878008501,61.4262121991499,5340,23.535634007668914
221,cholesky___-p1_______tk14.0.csv,22,14181,22756,38.392397866637786,61.607602133362214,5424,23.835471963438216
222,cholesky___-p1_______tk14.0.csv,23,14088,22849,38.14061780870131,61.85938219129869,5520,24.158606503566897
223,cholesky___-p1_______tk14.0.csv,24,13998,22939,37.896959688117605,62.103040311882395,5636,24.56951044073412
224,cholesky___-p1_______tk14.0.csv,25,13870,23067,37.550423694398575,62.449576305601425,5763,24.983743009494084
225,cholesky___-p1_______tk14.0.csv,26,13824,23113,37.42588732165579,62.57411267834421,5811,25.141695149915634
226,cholesky___-p1_______tk14.0.csv,27,13781,23156,37.3094728862658,62.6905271137342,5860,25.306615995854205
227,cholesky___-p1_______tk14.0.csv,28,13733,23204,37.17952188862117,62.82047811137883,5922,25.521461816928117
228,cholesky___-p1_______tk14.0.csv,29,13668,23269,37.00354657931072,62.99645342068928,5977,25.686535734238685
229,cholesky___-p1_______tk14.0.csv,30,13644,23293,36.938571080488394,63.0614289195116,6029,25.883312583179496
230,cholesky___-p1_______tk14.0.csv,31,13585,23352,36.77883964588353,63.22116035411647,6131,26.254710517300445
231,cholesky___-p1_______tk14.0.csv,32,13552,23385,36.68949833500284,63.310501664997155,6197,26.499893093863587
232,cholesky___-p1_______tk14.0.csv,33,13456,23481,36.42959633971357,63.57040366028643,6295,26.808909330948428
233,cholesky___-p1_______tk14.0.csv,34,13427,23510,36.3510842786366,63.648915721363394,6331,26.928966397277755
234,cholesky___-p1_______tk14.0.csv,35,13384,23553,36.23466984324661,63.765330156753386,6386,27.11331889780495
235,cholesky___-p1_______tk14.0.csv,36,13366,23571,36.18593821912987,63.814061780870134,6434,27.29625387128251
236,cholesky___-p1_______tk14.0.csv,37,13318,23619,36.05598722148523,63.94401277851477,6463,27.36356323299039
237,cholesky___-p1_______tk14.0.csv,38,13298,23639,36.00184097246663,63.99815902753336,6493,27.46732095266297
238,cholesky___-p1_______tk14.0.csv,39,13266,23671,35.91520697403687,64.08479302596312,6538,27.62029487558616
239,cholesky___-p1_______tk14.0.csv,40,13237,23700,35.836694912959906,64.16330508704009,6587,27.79324894514768
240,cholesky___-p1_______tk14.0.csv,41,13176,23761,35.671548853453174,64.32845114654683,6644,27.96178612011279
241,cholesky___-p1_______tk14.0.csv,42,13138,23799,35.56867098031784,64.43132901968215,6677,28.055800663893443
242,cholesky___-p1_______tk14.0.csv,43,13118,23819,35.51452473129924,64.48547526870077,6706,28.15399471010538
243,cholesky___-p1_______tk14.0.csv,44,13101,23836,35.46850041963343,64.53149958036657,6729,28.230407786541367
244,cholesky___-p1_______tk14.0.csv,45,13078,23859,35.40623223326204,64.59376776673797,6762,28.34150634980511
245,cholesky___-p1_______tk14.0.csv,46,13065,23872,35.37103717139995,64.62896282860004,6802,28.493632707774797
246,cholesky___-p1_______tk14.0.csv,47,13053,23884,35.33854942198879,64.6614505780112,6828,28.588176184893655
247,cholesky___-p1_______tk14.0.csv,48,13051,23886,35.33313479708693,64.66686520291307,6857,28.7071924976974
248,cholesky___-p1_______tk14.0.csv,49,13023,23914,35.257330048460894,64.74266995153911,6916,28.9202977335452
249,cholesky___-p1_______tk14.0.csv,50,13015,23922,35.23567154885345,64.76432845114655,6940,29.0109522615166
250,cholesky___-p1_______tk14.0.csv,51,13005,23932,35.20859842434415,64.79140157565585,6970,29.124185191375563
251,cholesky___-p1_______tk14.0.csv,52,12999,23938,35.19235454963857,64.80764545036143,6989,29.196256997242877
252,cholesky___-p1_______tk14.0.csv,53,12984,23953,35.15174486287462,64.84825513712538,7007,29.253120694693774
253,cholesky___-p1_______tk14.0.csv,54,12957,23980,35.07864742669952,64.92135257330048,7056,29.424520433694745
254,cholesky___-p1_______tk14.0.csv,55,12943,23994,35.0407450523865,64.95925494761352,7077,29.49487371842961
255,cholesky___-p1_______tk14.0.csv,56,12927,24010,34.99742805317162,65.00257194682838,7082,29.4960433152853
256,cholesky___-p1_______tk14.0.csv,57,12906,24031,34.94057449170209,65.0594255082979,7093,29.51604177936832
257,cholesky___-p1_______tk14.0.csv,58,12904,24033,34.93515986680023,65.06484013319978,7114,29.600965339325096
258,cholesky___-p1_______tk14.0.csv,59,12869,24068,34.840403931017676,65.15959606898232,7123,29.595313279042713
259,cholesky___-p1_______tk14.0.csv,60,12846,24091,34.778135744646285,65.22186425535371,7140,29.637624008966
260,cholesky___-p1_______tk14.0.csv,61,12844,24093,34.77272111974443,65.22727888025557,7148,29.668368405761008
261,cholesky___-p1_______tk14.0.csv,62,12830,24107,34.73481874543141,65.26518125456859,7169,29.738250300742525
262,cholesky___-p1_______tk14.0.csv,63,12817,24120,34.69962368356932,65.30037631643067,7189,29.80514096185738
263,cholesky___-p1_______tk14.0.csv,64,12814,24123,34.69150174621653,65.30849825378347,7205,29.867761057911537
264,cholesky___-p1_______tk14.0.csv,65,12809,24128,34.67796518396188,65.32203481603813,7226,29.948607427055702
265,cholesky___-p1_______tk14.0.csv,66,12799,24138,34.65089205945258,65.34910794054743,7255,30.056342696163725
266,cholesky___-p1_______tk14.0.csv,67,12792,24145,34.63194087229608,65.36805912770393,7267,30.09732863946987
267,cholesky___-p1_______tk14.0.csv,68,12778,24159,34.59403849798306,65.40596150201695,7284,30.150254563516704
268,cholesky___-p1_______tk14.0.csv,69,12773,24164,34.5805019357284,65.4194980642716,7301,30.2143684820394
269,cholesky___-p1_______tk14.0.csv,70,12760,24177,34.54530687386631,65.45469312613369,7321,30.280845431608554
270,cholesky___-p1_______tk14.0.csv,71,12749,24188,34.515526436906086,65.48447356309391,7342,30.35389449313709
271,cholesky___-p1_______tk14.0.csv,72,12745,24192,34.504697187102366,65.49530281289763,7351,30.38607804232804
272,cholesky___-p1_______tk14.0.csv,73,12745,24192,34.504697187102366,65.49530281289763,7368,30.456349206349202
273,cholesky___-p1_______tk14.0.csv,74,12729,24208,34.461380187887485,65.53861981211251,7382,30.494051553205555
274,cholesky___-p1_______tk14.0.csv,75,12728,24209,34.458672875436555,65.54132712456344,7396,30.550621669627
275,cholesky___-p1_______tk14.0.csv,76,12726,24211,34.453258250534695,65.54674174946531,7412,30.614183635537568
276,cholesky___-p1_______tk14.0.csv,77,12709,24228,34.407233938868885,65.59276606113112,7423,30.638104672280008
277,cholesky___-p1_______tk14.0.csv,78,12696,24241,34.372038877006794,65.62796112299321,7442,30.700053628150652
278,cholesky___-p1_______tk14.0.csv,79,12687,24250,34.347673064948424,65.65232693505158,7455,30.742268041237114
279,cholesky___-p1_______tk14.0.csv,80,12682,24255,34.334136502693774,65.66586349730622,7470,30.79777365491651
280,cholesky___-p1_______tk14.0.csv,81,12679,24258,34.326014565340984,65.67398543465902,7488,30.86816720257235
281,cholesky___-p1_______tk14.0.csv,82,12677,24260,34.32059994043913,65.67940005956088,7504,30.9315746084089
282,cholesky___-p1_______tk14.0.csv,83,12672,24265,34.30706337818448,65.69293662181552,7520,30.991139501339376
283,cholesky___-p1_______tk14.0.csv,84,12672,24265,34.30706337818448,65.69293662181552,7538,31.06532042035854
284,cholesky___-p1_______tk14.0.csv,85,12662,24275,34.27999025367517,65.72000974632482,7547,31.08959835221421
285,cholesky___-p1_______tk14.0.csv,86,12661,24276,34.27728294122424,65.72271705877574,7559,31.137749217333994
286,cholesky___-p1_______tk14.0.csv,87,12658,24279,34.26916100387146,65.73083899612854,7568,31.170970797808806
287,cholesky___-p1_______tk14.0.csv,88,12657,24280,34.26645369142053,65.73354630857948,7581,31.22322899505766
288,cholesky___-p1_______tk14.0.csv,89,12655,24282,34.26103906651867,65.73896093348134,7589,31.253603492298822
289,cholesky___-p1_______tk14.0.csv,90,12646,24291,34.2366732544603,65.7633267455397,7613,31.340825820262648
290,cholesky___-p1_______tk14.0.csv,91,12640,24297,34.22042937975472,65.77957062024528,7625,31.382475202699922
291,cholesky___-p1_______tk14.0.csv,92,12638,24299,34.21501475485286,65.78498524514714,7638,31.433392320671633
292,cholesky___-p1_______tk14.0.csv,93,12628,24309,34.18794163034356,65.81205836965644,7652,31.478053395861615
293,cholesky___-p1_______tk14.0.csv,94,12626,24311,34.1825270054417,65.8174729945583,7656,31.491917239109867
294,cholesky___-p1_______tk14.0.csv,95,12624,24313,34.17711238053984,65.82288761946016,7672,31.555135112902562
295,cholesky___-p1_______tk14.0.csv,96,12620,24317,34.16628313073612,65.83371686926388,7693,31.63630382037258
296,cholesky___-p1_______tk14.0.csv,97,12618,24319,34.16086850583426,65.83913149416574,7700,31.662486121962253
297,cholesky___-p1_______tk14.0.csv,98,12616,24321,34.1554538809324,65.8445461190676,7709,31.6968874635089
298,cholesky___-p1_______tk14.0.csv,99,12606,24331,34.1283807564231,65.8716192435769,7725,31.74961982655871
299,cholesky___-p1_______tk14.0.csv,100,12606,24331,34.1283807564231,65.8716192435769,7730,31.770169742304056
300,fft___-m16___-p1___Ferret_binary_output.txt.csv,1,15587,8356,65.10044689470827,34.89955310529174,247,2.9559597893729057
301,fft___-m16___-p1___Ferret_binary_output.txt.csv,2,13589,10354,56.755627949713904,43.244372050286096,607,5.8624686111647675
302,fft___-m16___-p1___Ferret_binary_output.txt.csv,3,12483,11460,52.13632376895126,47.86367623104874,987,8.612565445026178
303,fft___-m16___-p1___Ferret_binary_output.txt.csv,4,11950,11993,49.91020339974106,50.08979660025895,1271,10.597848745101308
304,fft___-m16___-p1___Ferret_binary_output.txt.csv,5,11572,12371,48.33145386960698,51.66854613039301,1482,11.97962977932261
305,fft___-m16___-p1___Ferret_binary_output.txt.csv,6,11129,12814,46.48122624566679,53.5187737543332,1686,13.157484001872952
306,fft___-m16___-p1___Ferret_binary_output.txt.csv,7,10842,13101,45.28254604686129,54.71745395313871,1913,14.601938783298984
307,fft___-m16___-p1___Ferret_binary_output.txt.csv,8,10499,13444,43.84997702877668,56.15002297122332,2104,15.650104135673907
308,fft___-m16___-p1___Ferret_binary_output.txt.csv,9,10318,13625,43.09401495217809,56.90598504782191,2262,16.60183486238532
309,fft___-m16___-p1___Ferret_binary_output.txt.csv,10,10063,13880,42.028985507246375,57.971014492753625,2466,17.766570605187322
310,fft___-m16___-p1___Ferret_binary_output.txt.csv,11,9885,14058,41.28555318882346,58.71444681117654,2572,18.295632380139423
311,fft___-m16___-p1___Ferret_binary_output.txt.csv,12,9762,14181,40.771833103621105,59.228166896378895,2690,18.969043085819052
312,fft___-m16___-p1___Ferret_binary_output.txt.csv,13,9606,14337,40.120285678486404,59.8797143215136,2789,19.45316314431192
313,fft___-m16___-p1___Ferret_binary_output.txt.csv,14,9482,14461,39.60238900722549,60.39761099277451,2899,20.04702302745315
314,fft___-m16___-p1___Ferret_binary_output.txt.csv,15,9315,14628,38.90489913544668,61.09510086455331,2955,20.20098441345365
315,fft___-m16___-p1___Ferret_binary_output.txt.csv,16,9196,14747,38.407885394478555,61.592114605521445,3038,20.600800162744964
316,fft___-m16___-p1___Ferret_binary_output.txt.csv,17,9113,14830,38.06122875161842,61.93877124838158,3106,20.944032366824004
317,fft___-m16___-p1___Ferret_binary_output.txt.csv,18,9037,14906,37.74380821116819,62.256191788831806,3163,21.219643096739567
318,fft___-m16___-p1___Ferret_binary_output.txt.csv,19,8984,14959,37.52244915006474,62.47755084993526,3210,21.45865365331907
319,fft___-m16___-p1___Ferret_binary_output.txt.csv,20,8923,15020,37.267677400492836,62.732322599507164,3286,21.87749667110519
320,fft___-m16___-p1___Ferret_binary_output.txt.csv,21,8881,15062,37.0922607860335,62.90773921396651,3339,22.168370734298236
321,fft___-m16___-p1___Ferret_binary_output.txt.csv,22,8851,15092,36.96696320427682,63.03303679572318,3381,22.4025974025974
322,fft___-m16___-p1___Ferret_binary_output.txt.csv,23,8740,15203,36.50336215177713,63.49663784822286,3450,22.692889561270803
323,fft___-m16___-p1___Ferret_binary_output.txt.csv,24,8674,15269,36.22770747191246,63.77229252808754,3544,23.210426354050693
324,fft___-m16___-p1___Ferret_binary_output.txt.csv,25,8602,15341,35.92699327569645,64.07300672430355,3613,23.5512678443387
325,fft___-m16___-p1___Ferret_binary_output.txt.csv,26,8575,15368,35.81422545211544,64.18577454788455,3661,23.822228006246746
326,fft___-m16___-p1___Ferret_binary_output.txt.csv,27,8542,15401,35.6763981121831,64.32360188781689,3694,23.985455489903256
327,fft___-m16___-p1___Ferret_binary_output.txt.csv,28,8519,15424,35.58033663283632,64.41966336716368,3748,24.29979253112033
328,fft___-m16___-p1___Ferret_binary_output.txt.csv,29,8478,15465,35.40909660443553,64.59090339556447,3779,24.43582282573553
329,fft___-m16___-p1___Ferret_binary_output.txt.csv,30,8452,15491,35.300505366913086,64.69949463308691,3808,24.582015363759602
330,fft___-m16___-p1___Ferret_binary_output.txt.csv,31,8430,15513,35.208620473624855,64.79137952637514,3849,24.811448462579772
331,fft___-m16___-p1___Ferret_binary_output.txt.csv,32,8399,15544,35.07914630580963,64.92085369419037,3878,24.948533196088523
332,fft___-m16___-p1___Ferret_binary_output.txt.csv,33,8348,15595,34.866140416823285,65.13385958317672,3912,25.08496312920808
333,fft___-m16___-p1___Ferret_binary_output.txt.csv,34,8307,15636,34.694900388422504,65.3050996115775,3931,25.140700946533638
334,fft___-m16___-p1___Ferret_binary_output.txt.csv,35,8281,15662,34.58630915090005,65.41369084909995,3957,25.264972545013407
335,fft___-m16___-p1___Ferret_binary_output.txt.csv,36,8264,15679,34.51530718790461,65.48469281209539,3982,25.397027871675487
336,fft___-m16___-p1___Ferret_binary_output.txt.csv,37,8237,15706,34.4025393643236,65.5974606356764,3999,25.46160702916083
337,fft___-m16___-p1___Ferret_binary_output.txt.csv,38,8229,15714,34.369126675855156,65.63087332414484,4021,25.588647066310294
338,fft___-m16___-p1___Ferret_binary_output.txt.csv,39,8203,15740,34.26053543833271,65.73946456166729,4050,25.730622617534944
339,fft___-m16___-p1___Ferret_binary_output.txt.csv,40,8186,15757,34.18953347533726,65.81046652466273,4084,25.918639334898774
340,fft___-m16___-p1___Ferret_binary_output.txt.csv,41,8169,15774,34.11853151234181,65.8814684876582,4121,26.12526943070876
341,fft___-m16___-p1___Ferret_binary_output.txt.csv,42,8137,15806,33.98488075846803,66.01511924153198,4143,26.211565228394278
342,fft___-m16___-p1___Ferret_binary_output.txt.csv,43,8121,15822,33.91805538153114,66.08194461846887,4159,26.286183794716216
343,fft___-m16___-p1___Ferret_binary_output.txt.csv,44,8117,15826,33.90134903729691,66.09865096270309,4171,26.355364589915332
344,fft___-m16___-p1___Ferret_binary_output.txt.csv,45,8103,15840,33.84287683247713,66.15712316752287,4189,26.44570707070707
345,fft___-m16___-p1___Ferret_binary_output.txt.csv,46,8098,15845,33.82199390218435,66.17800609781564,4210,26.56989586620385
346,fft___-m16___-p1___Ferret_binary_output.txt.csv,47,8088,15855,33.7802280415988,66.21977195840121,4224,26.64143803216651
347,fft___-m16___-p1___Ferret_binary_output.txt.csv,48,8081,15862,33.75099193918891,66.2490080608111,4242,26.74315975286849
348,fft___-m16___-p1___Ferret_binary_output.txt.csv,49,8071,15872,33.70922607860335,66.29077392139665,4275,26.93422379032258
349,fft___-m16___-p1___Ferret_binary_output.txt.csv,50,8065,15878,33.68416656225202,66.31583343774798,4287,26.99962211865474
350,fft___-m16___-p1___Ferret_binary_output.txt.csv,51,8062,15881,33.67163680407635,66.32836319592366,4305,27.107864744033748
351,fft___-m16___-p1___Ferret_binary_output.txt.csv,52,8056,15887,33.646577287725016,66.35342271227499,4318,27.179454900232898
352,fft___-m16___-p1___Ferret_binary_output.txt.csv,53,8046,15897,33.60481142713946,66.39518857286055,4333,27.256715103478648
353,fft___-m16___-p1___Ferret_binary_output.txt.csv,54,8030,15913,33.53798605020256,66.46201394979744,4343,27.292151071451016
354,fft___-m16___-p1___Ferret_binary_output.txt.csv,55,8018,15925,33.487867017499894,66.5121329825001,4351,27.32182103610675
355,fft___-m16___-p1___Ferret_binary_output.txt.csv,56,8007,15936,33.44192457085578,66.55807542914421,4355,27.328062248995984
356,fft___-m16___-p1___Ferret_binary_output.txt.csv,57,8000,15943,33.41268846844589,66.5873115315541,4365,27.37878692843254
357,fft___-m16___-p1___Ferret_binary_output.txt.csv,58,7998,15945,33.40433529632878,66.59566470367122,4371,27.412982126058328
358,fft___-m16___-p1___Ferret_binary_output.txt.csv,59,7995,15948,33.391805538153115,66.60819446184688,4377,27.44544770504139
359,fft___-m16___-p1___Ferret_binary_output.txt.csv,60,7989,15954,33.36674602180178,66.63325397819823,4387,27.497806192804315
360,fft___-m16___-p1___Ferret_binary_output.txt.csv,61,7987,15956,33.35839284968467,66.64160715031532,4391,27.519428428177488
361,fft___-m16___-p1___Ferret_binary_output.txt.csv,62,7981,15962,33.33333333333333,66.66666666666666,4405,27.596792381907033
362,fft___-m16___-p1___Ferret_binary_output.txt.csv,63,7969,15974,33.28321430063067,66.71678569936934,4419,27.663703518217105
363,fft___-m16___-p1___Ferret_binary_output.txt.csv,64,7964,15979,33.26233137033788,66.73766862966211,4424,27.686338319043745
364,fft___-m16___-p1___Ferret_binary_output.txt.csv,65,7960,15983,33.24562502610367,66.75437497389633,4434,27.741975849339923
365,fft___-m16___-p1___Ferret_binary_output.txt.csv,66,7954,15989,33.22056550975233,66.77943449024767,4452,27.844142848208143
366,fft___-m16___-p1___Ferret_binary_output.txt.csv,67,7946,15997,33.18715282128388,66.81284717871611,4454,27.842720510095642
367,fft___-m16___-p1___Ferret_binary_output.txt.csv,68,7942,16001,33.17044647704966,66.82955352295033,4461,27.879507530779325
368,fft___-m16___-p1___Ferret_binary_output.txt.csv,69,7937,16006,33.14956354675688,66.85043645324312,4474,27.952017993252532
369,fft___-m16___-p1___Ferret_binary_output.txt.csv,70,7925,16018,33.09944451405421,66.90055548594579,4485,27.99975028093395
370,fft___-m16___-p1___Ferret_binary_output.txt.csv,71,7919,16024,33.07438499770288,66.92561500229712,4505,28.114078881677486
371,fft___-m16___-p1___Ferret_binary_output.txt.csv,72,7916,16027,33.06185523952721,66.93814476047278,4511,28.146253197728832
372,fft___-m16___-p1___Ferret_binary_output.txt.csv,73,7916,16027,33.06185523952721,66.93814476047278,4525,28.23360579022899
373,fft___-m16___-p1___Ferret_binary_output.txt.csv,74,7901,16042,32.99920644864888,67.00079355135112,4536,28.275776087769604
374,fft___-m16___-p1___Ferret_binary_output.txt.csv,75,7901,16042,32.99920644864888,67.00079355135112,4545,28.331878818102478
375,fft___-m16___-p1___Ferret_binary_output.txt.csv,76,7900,16043,32.99502986259032,67.00497013740969,4557,28.40491179953874
376,fft___-m16___-p1___Ferret_binary_output.txt.csv,77,7900,16043,32.99502986259032,67.00497013740969,4568,28.473477529140435
377,fft___-m16___-p1___Ferret_binary_output.txt.csv,78,7890,16053,32.953264002004765,67.04673599799524,4580,28.53049274278951
378,fft___-m16___-p1___Ferret_binary_output.txt.csv,79,7880,16063,32.9114981414192,67.0885018585808,4598,28.624789889808877
379,fft___-m16___-p1___Ferret_binary_output.txt.csv,80,7875,16068,32.89061521112642,67.10938478887357,4613,28.7092357480707
380,fft___-m16___-p1___Ferret_binary_output.txt.csv,81,7872,16071,32.87808545295076,67.12191454704924,4630,28.809657146412793
381,fft___-m16___-p1___Ferret_binary_output.txt.csv,82,7872,16071,32.87808545295076,67.12191454704924,4642,28.884325804243673
382,fft___-m16___-p1___Ferret_binary_output.txt.csv,83,7871,16072,32.8739088668922,67.1260911331078,4654,28.957192633150818
383,fft___-m16___-p1___Ferret_binary_output.txt.csv,84,7869,16074,32.86555569477509,67.1344443052249,4665,29.022023142963793
384,fft___-m16___-p1___Ferret_binary_output.txt.csv,85,7860,16083,32.82796642024809,67.17203357975191,4674,29.061742212273828
385,fft___-m16___-p1___Ferret_binary_output.txt.csv,86,7847,16096,32.773670801486865,67.22632919851314,4682,29.08797216699801
386,fft___-m16___-p1___Ferret_binary_output.txt.csv,87,7844,16099,32.7611410433112,67.2388589566888,4687,29.113609540965278
387,fft___-m16___-p1___Ferret_binary_output.txt.csv,88,7844,16099,32.7611410433112,67.2388589566888,4698,29.181936766258776
388,fft___-m16___-p1___Ferret_binary_output.txt.csv,89,7842,16101,32.75278787119408,67.24721212880591,4700,29.190733494813987
389,fft___-m16___-p1___Ferret_binary_output.txt.csv,90,7840,16103,32.744434699076976,67.25556530092302,4714,29.274048313978764
390,fft___-m16___-p1___Ferret_binary_output.txt.csv,91,7831,16112,32.706845424549975,67.29315457545003,4722,29.307348560079443
391,fft___-m16___-p1___Ferret_binary_output.txt.csv,92,7829,16114,32.69849225243286,67.30150774756713,4733,29.371974680402136
392,fft___-m16___-p1___Ferret_binary_output.txt.csv,93,7825,16118,32.68178590819864,67.31821409180137,4741,29.414319394465814
393,fft___-m16___-p1___Ferret_binary_output.txt.csv,94,7825,16118,32.68178590819864,67.31821409180137,4745,29.439136369276586
394,fft___-m16___-p1___Ferret_binary_output.txt.csv,95,7799,16144,32.57319467067619,67.42680532932381,4748,29.410307234886023
395,fft___-m16___-p1___Ferret_binary_output.txt.csv,96,7798,16145,32.56901808461763,67.43098191538238,4766,29.519975224527716
396,fft___-m16___-p1___Ferret_binary_output.txt.csv,97,7798,16145,32.56901808461763,67.43098191538238,4771,29.550944564880766
397,fft___-m16___-p1___Ferret_binary_output.txt.csv,98,7797,16146,32.564841498559076,67.43515850144092,4777,29.58627523844915
398,fft___-m16___-p1___Ferret_binary_output.txt.csv,99,7797,16146,32.564841498559076,67.43515850144092,4779,29.59866220735786
399,fft___-m16___-p1___Ferret_binary_output.txt.csv,100,7797,16146,32.564841498559076,67.43515850144092,4782,29.617242660720922
400,ferret___corel___lsh___queries___10___20___1___Ferret_binary_output.txt.csv,1,52337,21090,71.27759543492176,28.722404565078243,467,2.2143195827406355
401,ferret___corel___lsh___queries___10___20___1___Ferret_binary_output.txt.csv,2,47631,25796,64.86850885913901,35.131491140860994,1196,4.636377732981858
402,ferret___corel___lsh___queries___10___20___1___Ferret_binary_output.txt.csv,3,44799,28628,61.01161698012992,38.98838301987008,1995,6.968701970099203
403,ferret___corel___lsh___queries___10___20___1___Ferret_binary_output.txt.csv,4,43081,30346,58.67187819194574,41.328121808054256,2762,9.10169379819416
404,ferret___corel___lsh___queries___10___20___1___Ferret_binary_output.txt.csv,5,41841,31586,56.98312609802934,43.01687390197066,3334,10.55530931425315
405,ferret___corel___lsh___queries___10___20___1___Ferret_binary_output.txt.csv,6,40566,32861,55.246707614365285,44.753292385634715,3927,11.950336264873254
406,ferret___corel___lsh___queries___10___20___1___Ferret_binary_output.txt.csv,7,39799,33628,54.20213273046699,45.79786726953301,4437,13.194361841322708
407,ferret___corel___lsh___queries___10___20___1___Ferret_binary_output.txt.csv,8,39006,34421,53.12214852847046,46.877851471529546,5068,14.723569913715465
408,ferret___corel___lsh___queries___10___20___1___Ferret_binary_output.txt.csv,9,38494,34933,52.424857341304964,47.57514265869503,5516,15.790227005982882
409,ferret___corel___lsh___queries___10___20___1___Ferret_binary_output.txt.csv,10,37955,35472,51.690794939191306,48.309205060808694,5984,16.869643662607125
410,ferret___corel___lsh___queries___10___20___1___Ferret_binary_output.txt.csv,11,37436,35991,50.98397047407629,49.016029525923706,6333,17.59606568308744
411,ferret___corel___lsh___queries___10___20___1___Ferret_binary_output.txt.csv,12,37076,36351,50.49368760810056,49.506312391899435,6709,18.456163516822098
412,ferret___corel___lsh___queries___10___20___1___Ferret_binary_output.txt.csv,13,36620,36807,49.8726626445313,50.12733735546869,7054,19.16483277637406
413,ferret___corel___lsh___queries___10___20___1___Ferret_binary_output.txt.csv,14,36331,37096,49.47907445490078,50.52092554509922,7381,19.89702393789088
414,ferret___corel___lsh___queries___10___20___1___Ferret_binary_output.txt.csv,15,36010,37417,49.04190556607242,50.95809443392757,7652,20.450597322072856
415,ferret___corel___lsh___queries___10___20___1___Ferret_binary_output.txt.csv,16,35722,37705,48.64967927329184,51.350320726708155,7848,20.81421562127039
416,ferret___corel___lsh___queries___10___20___1___Ferret_binary_output.txt.csv,17,35434,37993,48.25745298051125,51.74254701948875,8099,21.31708472613376
417,ferret___corel___lsh___queries___10___20___1___Ferret_binary_output.txt.csv,18,35175,38252,47.904721696378715,52.095278303621285,8361,21.857680644149326
418,ferret___corel___lsh___queries___10___20___1___Ferret_binary_output.txt.csv,19,34884,38543,47.50840971304833,52.49159028695166,8646,22.43208883584568
419,ferret___corel___lsh___queries___10___20___1___Ferret_binary_output.txt.csv,20,34635,38792,47.16929739741512,52.83070260258488,8869,22.862961435347493
420,ferret___corel___lsh___queries___10___20___1___Ferret_binary_output.txt.csv,21,34459,38968,46.929603551826986,53.07039644817302,9045,23.21135290494765
421,ferret___corel___lsh___queries___10___20___1___Ferret_binary_output.txt.csv,22,34278,39149,46.683100221989186,53.31689977801082,9207,23.517842090474854
422,ferret___corel___lsh___queries___10___20___1___Ferret_binary_output.txt.csv,23,34089,39338,46.42570171735193,53.57429828264807,9410,23.9208907417764
423,ferret___corel___lsh___queries___10___20___1___Ferret_binary_output.txt.csv,24,33964,39463,46.255464611110355,53.744535388889645,9634,24.41274104857715
424,ferret___corel___lsh___queries___10___20___1___Ferret_binary_output.txt.csv,25,33746,39681,45.95857109782505,54.04142890217495,9839,24.79524205539175
425,ferret___corel___lsh___queries___10___20___1___Ferret_binary_output.txt.csv,26,33635,39792,45.80740054748254,54.19259945251746,9949,25.00251306795336
426,ferret___corel___lsh___queries___10___20___1___Ferret_binary_output.txt.csv,27,33344,40083,45.41108856415215,54.588911435847855,10256,25.58690716762717
427,ferret___corel___lsh___queries___10___20___1___Ferret_binary_output.txt.csv,28,33271,40156,45.31167009410707,54.68832990589293,10391,25.876581332802072
428,ferret___corel___lsh___queries___10___20___1___Ferret_binary_output.txt.csv,29,33110,40317,45.092404701267924,54.90759529873207,10497,26.036163405015255
429,ferret___corel___lsh___queries___10___20___1___Ferret_binary_output.txt.csv,30,33041,40386,44.99843381862258,55.00156618137743,10715,26.531471301936314
430,ferret___corel___lsh___queries___10___20___1___Ferret_binary_output.txt.csv,31,32948,40479,44.87177741157885,55.12822258842115,10892,26.90777934237506
431,ferret___corel___lsh___queries___10___20___1___Ferret_binary_output.txt.csv,32,32824,40603,44.702902202187204,55.29709779781279,11037,27.182720488633844
432,ferret___corel___lsh___queries___10___20___1___Ferret_binary_output.txt.csv,33,32730,40697,44.57488389829354,55.425116101706465,11194,27.50571295181463
433,ferret___corel___lsh___queries___10___20___1___Ferret_binary_output.txt.csv,34,32664,40763,44.48499870619799,55.515001293802,11319,27.76782866815494
434,ferret___corel___lsh___queries___10___20___1___Ferret_binary_output.txt.csv,35,32547,40880,44.32565677475588,55.674343225244115,11419,27.93297455968689
435,ferret___corel___lsh___queries___10___20___1___Ferret_binary_output.txt.csv,36,32411,41016,44.14043880316505,55.85956119683495,11599,28.27920811390677
436,ferret___corel___lsh___queries___10___20___1___Ferret_binary_output.txt.csv,37,32350,41077,44.05736309531916,55.94263690468084,11667,28.402755800082772
437,ferret___corel___lsh___queries___10___20___1___Ferret_binary_output.txt.csv,38,32225,41202,43.88712598907759,56.11287401092241,11783,28.598126304548323
438,ferret___corel___lsh___queries___10___20___1___Ferret_binary_output.txt.csv,39,32093,41334,43.70735560488649,56.29264439511351,11933,28.86969565007016
439,ferret___corel___lsh___queries___10___20___1___Ferret_binary_output.txt.csv,40,32043,41384,43.63926076238986,56.36073923761015,12041,29.095785810941425
440,ferret___corel___lsh___queries___10___20___1___Ferret_binary_output.txt.csv,41,31986,41441,43.561632641943696,56.4383673580563,12129,29.26811611688907
441,ferret___corel___lsh___queries___10___20___1___Ferret_binary_output.txt.csv,42,31851,41576,43.3777765672028,56.622223432797206,12218,29.38714643063306
442,ferret___corel___lsh___queries___10___20___1___Ferret_binary_output.txt.csv,43,31731,41696,43.21434894521089,56.78565105478911,12305,29.511224098234845
443,ferret___corel___lsh___queries___10___20___1___Ferret_binary_output.txt.csv,44,31649,41778,43.10267340351642,56.89732659648358,12393,29.66393795777682
444,ferret___corel___lsh___queries___10___20___1___Ferret_binary_output.txt.csv,45,31617,41810,43.05909270431857,56.94090729568142,12485,29.861277206409948
445,ferret___corel___lsh___queries___10___20___1___Ferret_binary_output.txt.csv,46,31592,41835,43.02504528307026,56.97495471692974,12553,30.005975857535557
446,ferret___corel___lsh___queries___10___20___1___Ferret_binary_output.txt.csv,47,31536,41891,42.948779059474035,57.05122094052596,12654,30.206965696689025
447,ferret___corel___lsh___queries___10___20___1___Ferret_binary_output.txt.csv,48,31495,41932,42.8929412886268,57.107058711373206,12733,30.36583039206334
448,ferret___corel___lsh___queries___10___20___1___Ferret_binary_output.txt.csv,49,31455,41972,42.838465414629496,57.1615345853705,12833,30.575145334985226
449,ferret___corel___lsh___queries___10___20___1___Ferret_binary_output.txt.csv,50,31422,42005,42.79352281858172,57.20647718141828,12917,30.75110105939769
450,ferret___corel___lsh___queries___10___20___1___Ferret_binary_output.txt.csv,51,31408,42019,42.77445626268266,57.22554373731733,12989,30.912206382826817
451,ferret___corel___lsh___queries___10___20___1___Ferret_binary_output.txt.csv,52,31366,42061,42.7172565949855,57.2827434050145,13062,31.054896459903475
452,ferret___corel___lsh___queries___10___20___1___Ferret_binary_output.txt.csv,53,31300,42127,42.62737140288995,57.37262859711005,13113,31.1273055285209
453,ferret___corel___lsh___queries___10___20___1___Ferret_binary_output.txt.csv,54,31270,42157,42.58651449739197,57.41348550260803,13226,31.37320018027848
454,ferret___corel___lsh___queries___10___20___1___Ferret_binary_output.txt.csv,55,31256,42171,42.56744794149291,57.43255205850709,13273,31.474235849280312
455,ferret___corel___lsh___queries___10___20___1___Ferret_binary_output.txt.csv,56,31222,42205,42.521143448595204,57.4788565514048,13336,31.598151877739607
456,ferret___corel___lsh___queries___10___20___1___Ferret_binary_output.txt.csv,57,31186,42241,42.47211516199763,57.52788483800237,13383,31.682488577448453
457,ferret___corel___lsh___queries___10___20___1___Ferret_binary_output.txt.csv,58,31171,42256,42.45168670924864,57.548313290751366,13428,31.777735706171907
458,ferret___corel___lsh___queries___10___20___1___Ferret_binary_output.txt.csv,59,31139,42288,42.4081060100508,57.591893989949206,13473,31.86010215664018
459,ferret___corel___lsh___queries___10___20___1___Ferret_binary_output.txt.csv,60,31124,42303,42.387677557301814,57.61232244269819,13531,31.98591116469281
460,ferret___corel___lsh___queries___10___20___1___Ferret_binary_output.txt.csv,61,31058,42369,42.29779236520626,57.702207634793744,13604,32.1083811277113
461,ferret___corel___lsh___queries___10___20___1___Ferret_binary_output.txt.csv,62,31010,42417,42.2324213164095,57.7675786835905,13693,32.28186811891459
462,ferret___corel___lsh___queries___10___20___1___Ferret_binary_output.txt.csv,63,30996,42431,42.21335476051044,57.786645239489566,13736,32.3725577997219
463,ferret___corel___lsh___queries___10___20___1___Ferret_binary_output.txt.csv,64,30975,42452,42.18475492666185,57.81524507333815,13789,32.48139074719683
464,ferret___corel___lsh___queries___10___20___1___Ferret_binary_output.txt.csv,65,30957,42470,42.160240783363065,57.839759216636935,13824,32.550035319048746
465,ferret___corel___lsh___queries___10___20___1___Ferret_binary_output.txt.csv,66,30943,42484,42.14117422746401,57.858825772535994,13873,32.654646455136046
466,ferret___corel___lsh___queries___10___20___1___Ferret_binary_output.txt.csv,67,30912,42515,42.0989554251161,57.9010445748839,13890,32.67082206280136
467,ferret___corel___lsh___queries___10___20___1___Ferret_binary_output.txt.csv,68,30899,42528,42.08125076606698,57.91874923393302,13940,32.778404815650866
468,ferret___corel___lsh___queries___10___20___1___Ferret_binary_output.txt.csv,69,30867,42560,42.03767006686914,57.96232993313086,13969,32.82189849624061
469,ferret___corel___lsh___queries___10___20___1___Ferret_binary_output.txt.csv,70,30812,42615,41.96276574012284,58.03723425987716,13996,32.84289569400446
470,ferret___corel___lsh___queries___10___20___1___Ferret_binary_output.txt.csv,71,30804,42623,41.95187056532338,58.04812943467662,14031,32.91884663210004
471,ferret___corel___lsh___queries___10___20___1___Ferret_binary_output.txt.csv,72,30789,42638,41.931442112574395,58.06855788742561,14075,33.010460152915236
472,ferret___corel___lsh___queries___10___20___1___Ferret_binary_output.txt.csv,73,30759,42668,41.89058520707641,58.10941479292359,14101,33.04818599418768
473,ferret___corel___lsh___queries___10___20___1___Ferret_binary_output.txt.csv,74,30695,42732,41.803423808680726,58.196576191319274,14155,33.125058504165494
474,ferret___corel___lsh___queries___10___20___1___Ferret_binary_output.txt.csv,75,30693,42734,41.80070001498086,58.19929998501914,14192,33.21009032620396
475,ferret___corel___lsh___queries___10___20___1___Ferret_binary_output.txt.csv,76,30678,42749,41.780271562231874,58.219728437768126,14229,33.284989122552574
476,ferret___corel___lsh___queries___10___20___1___Ferret_binary_output.txt.csv,77,30661,42766,41.75711931578302,58.24288068421698,14269,33.36529018379086
477,ferret___corel___lsh___queries___10___20___1___Ferret_binary_output.txt.csv,78,30642,42785,41.731243275634306,58.2687567243657,14313,33.45331307701297
478,ferret___corel___lsh___queries___10___20___1___Ferret_binary_output.txt.csv,79,30630,42797,41.71490051343511,58.28509948656488,14344,33.5163679697175
479,ferret___corel___lsh___queries___10___20___1___Ferret_binary_output.txt.csv,80,30597,42830,41.669957917387336,58.330042082612664,14413,33.651646042493574
480,ferret___corel___lsh___queries___10___20___1___Ferret_binary_output.txt.csv,81,30556,42871,41.6141201465401,58.3858798534599,14474,33.76175036738122
481,ferret___corel___lsh___queries___10___20___1___Ferret_binary_output.txt.csv,82,30526,42901,41.57326324104213,58.42673675895787,14507,33.81506258595371
482,ferret___corel___lsh___queries___10___20___1___Ferret_binary_output.txt.csv,83,30521,42906,41.56645375679246,58.43354624320754,14536,33.87871160210693
483,ferret___corel___lsh___queries___10___20___1___Ferret_binary_output.txt.csv,84,30497,42930,41.53376823239408,58.466231767605926,14613,34.03913347309574
484,ferret___corel___lsh___queries___10___20___1___Ferret_binary_output.txt.csv,85,30481,42946,41.51197788279516,58.48802211720484,14650,34.1126065291296
485,ferret___corel___lsh___queries___10___20___1___Ferret_binary_output.txt.csv,86,30467,42960,41.492911326896106,58.5070886731039,14676,34.16201117318436
486,ferret___corel___lsh___queries___10___20___1___Ferret_binary_output.txt.csv,87,30443,42984,41.46022580249772,58.53977419750228,14705,34.21040387120789
487,ferret___corel___lsh___queries___10___20___1___Ferret_binary_output.txt.csv,88,30436,42991,41.45069252454819,58.549307475451805,14730,34.262985275987994
488,ferret___corel___lsh___queries___10___20___1___Ferret_binary_output.txt.csv,89,30408,43019,41.41255941275008,58.587440587249915,14749,34.284850879843795
489,ferret___corel___lsh___queries___10___20___1___Ferret_binary_output.txt.csv,90,30386,43041,41.38259768205156,58.61740231794844,14777,34.332380753235284
490,ferret___corel___lsh___queries___10___20___1___Ferret_binary_output.txt.csv,91,30355,43072,41.34037887970365,58.65962112029634,14798,34.356426448737
491,ferret___corel___lsh___queries___10___20___1___Ferret_binary_output.txt.csv,92,30347,43080,41.32948370490419,58.67051629509581,14823,34.40807799442897
492,ferret___corel___lsh___queries___10___20___1___Ferret_binary_output.txt.csv,93,30333,43094,41.31041714900513,58.68958285099487,14849,34.457233025479184
493,ferret___corel___lsh___queries___10___20___1___Ferret_binary_output.txt.csv,94,30291,43136,41.25321748130796,58.74678251869203,14885,34.50714020771513
494,ferret___corel___lsh___queries___10___20___1___Ferret_binary_output.txt.csv,95,30285,43142,41.24504610020837,58.75495389979163,14906,34.551017569885495
495,ferret___corel___lsh___queries___10___20___1___Ferret_binary_output.txt.csv,96,30269,43158,41.22325575060945,58.77674424939055,14962,34.6679642244775
496,ferret___corel___lsh___queries___10___20___1___Ferret_binary_output.txt.csv,97,30236,43191,41.17831315456167,58.82168684543833,15029,34.7966011437568
497,ferret___corel___lsh___queries___10___20___1___Ferret_binary_output.txt.csv,98,30224,43203,41.161970392362484,58.83802960763752,15046,34.82628521167512
498,ferret___corel___lsh___queries___10___20___1___Ferret_binary_output.txt.csv,99,30216,43211,41.15107521756302,58.848924782436974,15062,34.856865150077525
499,ferret___corel___lsh___queries___10___20___1___Ferret_binary_output.txt.csv,100,30214,43213,41.148351423863154,58.85164857613684,15082,34.901534260523455
500,blackscholes___1___in_4K.txt___Black-Scholes_binary_output.txt.csv,1,17696,10585,62.572044835755456,37.427955164244544,295,2.7869626830420406
501,blackscholes___1___in_4K.txt___Black-Scholes_binary_output.txt.csv,2,15413,12868,54.49948728828542,45.50051271171458,702,5.455393223500155
502,blackscholes___1___in_4K.txt___Black-Scholes_binary_output.txt.csv,3,14013,14268,49.54916728545667,50.45083271454334,1126,7.891785814409868
503,blackscholes___1___in_4K.txt___Black-Scholes_binary_output.txt.csv,4,13240,15041,46.81588345532336,53.18411654467664,1494,9.932850209427563
504,blackscholes___1___in_4K.txt___Black-Scholes_binary_output.txt.csv,5,12797,15484,45.24946076871398,54.75053923128602,1737,11.21803151640403
505,blackscholes___1___in_4K.txt___Black-Scholes_binary_output.txt.csv,6,12345,15936,43.65121459637212,56.34878540362788,1957,12.280371485943775
506,blackscholes___1___in_4K.txt___Black-Scholes_binary_output.txt.csv,7,12040,16241,42.572752024327286,57.427247975672714,2199,13.539806662151346
507,blackscholes___1___in_4K.txt___Black-Scholes_binary_output.txt.csv,8,11632,16649,41.13008733778862,58.86991266221138,2400,14.415280197008828
508,blackscholes___1___in_4K.txt___Black-Scholes_binary_output.txt.csv,9,11428,16853,40.408754994519285,59.59124500548071,2600,15.427520322791194
509,blackscholes___1___in_4K.txt___Black-Scholes_binary_output.txt.csv,10,11163,17118,39.47173013684099,60.52826986315901,2814,16.438836312653347
510,blackscholes___1___in_4K.txt___Black-Scholes_binary_output.txt.csv,11,10967,17314,38.778685336444966,61.221314663555034,2952,17.04978630010396
511,blackscholes___1___in_4K.txt___Black-Scholes_binary_output.txt.csv,12,10809,17472,38.22000636469715,61.77999363530285,3090,17.685439560439562
512,blackscholes___1___in_4K.txt___Black-Scholes_binary_output.txt.csv,13,10629,17652,37.58353665004773,62.41646334995227,3230,18.29820983457965
513,blackscholes___1___in_4K.txt___Black-Scholes_binary_output.txt.csv,14,10519,17762,37.19458293553976,62.80541706446024,3351,18.866118680328793
514,blackscholes___1___in_4K.txt___Black-Scholes_binary_output.txt.csv,15,10355,17926,36.614688306636964,63.385311693363036,3427,19.1174829856075
515,blackscholes___1___in_4K.txt___Black-Scholes_binary_output.txt.csv,16,10173,18108,35.971146706269224,64.02885329373078,3485,19.245637287386792
516,blackscholes___1___in_4K.txt___Black-Scholes_binary_output.txt.csv,17,10065,18216,35.58926487747958,64.41073512252042,3568,19.587176108915237
517,blackscholes___1___in_4K.txt___Black-Scholes_binary_output.txt.csv,18,10001,18280,35.36296453449312,64.63703546550687,3639,19.907002188183807
518,blackscholes___1___in_4K.txt___Black-Scholes_binary_output.txt.csv,19,9909,18372,35.03765779145009,64.9623422085499,3693,20.101241018941867
519,blackscholes___1___in_4K.txt___Black-Scholes_binary_output.txt.csv,20,9841,18440,34.79721367702698,65.20278632297301,3766,20.42299349240781
520,blackscholes___1___in_4K.txt___Black-Scholes_binary_output.txt.csv,21,9777,18504,34.57091333404052,65.42908666595947,3829,20.69282317336792
521,blackscholes___1___in_4K.txt___Black-Scholes_binary_output.txt.csv,22,9734,18547,34.418867791096496,65.5811322089035,3895,21.00070092198199
522,blackscholes___1___in_4K.txt___Black-Scholes_binary_output.txt.csv,23,9653,18628,34.13245641950426,65.86754358049573,3971,21.317371698518357
523,blackscholes___1___in_4K.txt___Black-Scholes_binary_output.txt.csv,24,9601,18680,33.94858739082777,66.05141260917223,4065,21.761241970021413
524,blackscholes___1___in_4K.txt___Black-Scholes_binary_output.txt.csv,25,9523,18758,33.67278384781302,66.32721615218699,4160,22.177204392792408
525,blackscholes___1___in_4K.txt___Black-Scholes_binary_output.txt.csv,26,9482,18799,33.52781019058732,66.47218980941268,4204,22.362891643172507
526,blackscholes___1___in_4K.txt___Black-Scholes_binary_output.txt.csv,27,9454,18827,33.42880379053075,66.57119620946925,4258,22.61645509109258
527,blackscholes___1___in_4K.txt___Black-Scholes_binary_output.txt.csv,28,9436,18845,33.3651568190658,66.6348431809342,4291,22.769965508092334
528,blackscholes___1___in_4K.txt___Black-Scholes_binary_output.txt.csv,29,9396,18885,33.22371910469927,66.77628089530073,4319,22.87000264760392
529,blackscholes___1___in_4K.txt___Black-Scholes_binary_output.txt.csv,30,9359,18922,33.09288921891022,66.90711078108977,4395,23.226931613994292
530,blackscholes___1___in_4K.txt___Black-Scholes_binary_output.txt.csv,31,9315,18966,32.93730773310703,67.06269226689297,4471,23.57376357692713
531,blackscholes___1___in_4K.txt___Black-Scholes_binary_output.txt.csv,32,9277,19004,32.80294190445883,67.19705809554117,4513,23.74763207745738
532,blackscholes___1___in_4K.txt___Black-Scholes_binary_output.txt.csv,33,9230,19051,32.636752590078146,67.36324740992185,4555,23.909506062673874
533,blackscholes___1___in_4K.txt___Black-Scholes_binary_output.txt.csv,34,9181,19100,32.46349138997914,67.53650861002086,4574,23.94764397905759
534,blackscholes___1___in_4K.txt___Black-Scholes_binary_output.txt.csv,35,9148,19133,32.34680527562674,67.65319472437325,4621,24.151988710604712
535,blackscholes___1___in_4K.txt___Black-Scholes_binary_output.txt.csv,36,9127,19154,32.27255047558432,67.72744952441569,4652,24.28735512164561
536,blackscholes___1___in_4K.txt___Black-Scholes_binary_output.txt.csv,37,9098,19183,32.17000813266858,67.82999186733142,4674,24.365323463483293
537,blackscholes___1___in_4K.txt___Black-Scholes_binary_output.txt.csv,38,9092,19189,32.148792475513595,67.8512075244864,4697,24.477565271770285
538,blackscholes___1___in_4K.txt___Black-Scholes_binary_output.txt.csv,39,9054,19227,32.01442664686539,67.98557335313461,4738,24.642429916263588
539,blackscholes___1___in_4K.txt___Black-Scholes_binary_output.txt.csv,40,9039,19242,31.961387503977935,68.03861249602207,4764,24.758341128780792
540,blackscholes___1___in_4K.txt___Black-Scholes_binary_output.txt.csv,41,9020,19261,31.894204589653828,68.10579541034618,4796,24.90005711022273
541,blackscholes___1___in_4K.txt___Black-Scholes_binary_output.txt.csv,42,8987,19294,31.77751847530144,68.22248152469857,4831,25.038872188245048
542,blackscholes___1___in_4K.txt___Black-Scholes_binary_output.txt.csv,43,8969,19312,31.7138715038365,68.2861284961635,4858,25.155343827671917
543,blackscholes___1___in_4K.txt___Black-Scholes_binary_output.txt.csv,44,8962,19319,31.689119903822355,68.31088009617766,4877,25.24457787670169
544,blackscholes___1___in_4K.txt___Black-Scholes_binary_output.txt.csv,45,8949,19332,31.643152646653228,68.35684735334678,4893,25.310366232153942
545,blackscholes___1___in_4K.txt___Black-Scholes_binary_output.txt.csv,46,8943,19338,31.621936989498252,68.37806301050176,4919,25.436963491571003
546,blackscholes___1___in_4K.txt___Black-Scholes_binary_output.txt.csv,47,8932,19349,31.583041618047453,68.41695838195255,4940,25.531035195617346
547,blackscholes___1___in_4K.txt___Black-Scholes_binary_output.txt.csv,48,8926,19355,31.56182596089247,68.43817403910752,4977,25.71428571428571
548,blackscholes___1___in_4K.txt___Black-Scholes_binary_output.txt.csv,49,8916,19365,31.52646653230084,68.47353346769917,5006,25.850761683449523
549,blackscholes___1___in_4K.txt___Black-Scholes_binary_output.txt.csv,50,8914,19367,31.519394646582512,68.48060535341749,5022,25.930706872515103
550,blackscholes___1___in_4K.txt___Black-Scholes_binary_output.txt.csv,51,8902,19379,31.47696333227255,68.52303666772745,5077,26.19846225295423
551,blackscholes___1___in_4K.txt___Black-Scholes_binary_output.txt.csv,52,8890,19391,31.434532017962592,68.5654679820374,5099,26.2957041926667
552,blackscholes___1___in_4K.txt___Black-Scholes_binary_output.txt.csv,53,8875,19406,31.38149287507514,68.61850712492486,5117,26.368133566938063
553,blackscholes___1___in_4K.txt___Black-Scholes_binary_output.txt.csv,54,8859,19422,31.324917789328527,68.67508221067148,5134,26.433940891772217
554,blackscholes___1___in_4K.txt___Black-Scholes_binary_output.txt.csv,55,8853,19428,31.303702132173544,68.69629786782646,5149,26.502985381923
555,blackscholes___1___in_4K.txt___Black-Scholes_binary_output.txt.csv,56,8821,19460,31.190551960680313,68.80944803931969,5151,26.469681397738952
556,blackscholes___1___in_4K.txt___Black-Scholes_binary_output.txt.csv,57,8804,19477,31.13044093207454,68.86955906792547,5163,26.508189146172406
557,blackscholes___1___in_4K.txt___Black-Scholes_binary_output.txt.csv,58,8802,19479,31.12336904635621,68.8766309536438,5175,26.56707223163407
558,blackscholes___1___in_4K.txt___Black-Scholes_binary_output.txt.csv,59,8785,19496,31.063258017750435,68.93674198224957,5191,26.625974558883875
559,blackscholes___1___in_4K.txt___Black-Scholes_binary_output.txt.csv,60,8778,19503,31.03850641773629,68.96149358226371,5217,26.749730810644518
560,blackscholes___1___in_4K.txt___Black-Scholes_binary_output.txt.csv,61,8771,19510,31.013754817722145,68.98624518227786,5226,26.786263454638647
561,blackscholes___1___in_4K.txt___Black-Scholes_binary_output.txt.csv,62,8769,19512,31.00668293200382,68.99331706799619,5241,26.86039360393604
562,blackscholes___1___in_4K.txt___Black-Scholes_binary_output.txt.csv,63,8765,19516,30.99253916056717,69.00746083943284,5250,26.901004304160686
563,blackscholes___1___in_4K.txt___Black-Scholes_binary_output.txt.csv,64,8763,19518,30.985467274848837,69.01453272515116,5258,26.939235577415722
564,blackscholes___1___in_4K.txt___Black-Scholes_binary_output.txt.csv,65,8760,19521,30.974859446271346,69.02514055372865,5274,27.017058552328262
565,blackscholes___1___in_4K.txt___Black-Scholes_binary_output.txt.csv,66,8759,19522,30.971323503412187,69.02867649658782,5286,27.077143735273022
566,blackscholes___1___in_4K.txt___Black-Scholes_binary_output.txt.csv,67,8750,19531,30.939500017679716,69.0604999823203,5290,27.085146689877632
567,blackscholes___1___in_4K.txt___Black-Scholes_binary_output.txt.csv,68,8743,19538,30.91474841766557,69.08525158233442,5303,27.14197973180469
568,blackscholes___1___in_4K.txt___Black-Scholes_binary_output.txt.csv,69,8741,19540,30.907676531947242,69.09232346805275,5317,27.210849539406347
569,blackscholes___1___in_4K.txt___Black-Scholes_binary_output.txt.csv,70,8728,19553,30.86170927477812,69.13829072522188,5328,27.249015496343272
570,blackscholes___1___in_4K.txt___Black-Scholes_binary_output.txt.csv,71,8724,19557,30.847565503341468,69.15243449665853,5346,27.33548090197883
571,blackscholes___1___in_4K.txt___Black-Scholes_binary_output.txt.csv,72,8720,19561,30.833421731904814,69.1665782680952,5355,27.37590102755483
572,blackscholes___1___in_4K.txt___Black-Scholes_binary_output.txt.csv,73,8717,19564,30.822813903327322,69.17718609667268,5364,27.41770599059497
573,blackscholes___1___in_4K.txt___Black-Scholes_binary_output.txt.csv,74,8701,19580,30.76623881758071,69.2337611824193,5380,27.47701736465781
574,blackscholes___1___in_4K.txt___Black-Scholes_binary_output.txt.csv,75,8700,19581,30.762702874721544,69.23729712527845,5391,27.53179102190899
575,blackscholes___1___in_4K.txt___Black-Scholes_binary_output.txt.csv,76,8699,19582,30.75916693186238,69.24083306813762,5406,27.60698600755796
576,blackscholes___1___in_4K.txt___Black-Scholes_binary_output.txt.csv,77,8699,19582,30.75916693186238,69.24083306813762,5418,27.668266775610256
577,blackscholes___1___in_4K.txt___Black-Scholes_binary_output.txt.csv,78,8688,19593,30.720271560411582,69.27972843958841,5433,27.729291073342523
578,blackscholes___1___in_4K.txt___Black-Scholes_binary_output.txt.csv,79,8681,19600,30.695519960397437,69.30448003960255,5446,27.785714285714285
579,blackscholes___1___in_4K.txt___Black-Scholes_binary_output.txt.csv,80,8678,19603,30.684912131819953,69.31508786818004,5460,27.852879661276337
580,blackscholes___1___in_4K.txt___Black-Scholes_binary_output.txt.csv,81,8674,19607,30.670768360383292,69.32923163961671,5477,27.933901157749787
581,blackscholes___1___in_4K.txt___Black-Scholes_binary_output.txt.csv,82,8668,19613,30.649552703228316,69.35044729677169,5490,27.991638199153623
582,blackscholes___1___in_4K.txt___Black-Scholes_binary_output.txt.csv,83,8667,19614,30.646016760369154,69.35398323963085,5503,28.056490262057714
583,blackscholes___1___in_4K.txt___Black-Scholes_binary_output.txt.csv,84,8667,19614,30.646016760369154,69.35398323963085,5520,28.143163046803306
584,blackscholes___1___in_4K.txt___Black-Scholes_binary_output.txt.csv,85,8657,19624,30.610657331777517,69.38934266822248,5533,28.195067264573993
585,blackscholes___1___in_4K.txt___Black-Scholes_binary_output.txt.csv,86,8657,19624,30.610657331777517,69.38934266822248,5549,28.276600081532816
586,blackscholes___1___in_4K.txt___Black-Scholes_binary_output.txt.csv,87,8656,19625,30.607121388918358,69.39287861108164,5554,28.300636942675162
587,blackscholes___1___in_4K.txt___Black-Scholes_binary_output.txt.csv,88,8656,19625,30.607121388918358,69.39287861108164,5564,28.3515923566879
588,blackscholes___1___in_4K.txt___Black-Scholes_binary_output.txt.csv,89,8652,19629,30.592977617481704,69.4070223825183,5568,28.36619287788476
589,blackscholes___1___in_4K.txt___Black-Scholes_binary_output.txt.csv,90,8652,19629,30.592977617481704,69.4070223825183,5578,28.417137908197056
590,blackscholes___1___in_4K.txt___Black-Scholes_binary_output.txt.csv,91,8642,19639,30.557618188890068,69.44238181110993,5583,28.428127705076633
591,blackscholes___1___in_4K.txt___Black-Scholes_binary_output.txt.csv,92,8634,19647,30.52933064601676,69.47066935398324,5593,28.467450501348807
592,blackscholes___1___in_4K.txt___Black-Scholes_binary_output.txt.csv,93,8555,19726,30.24999116014285,69.75000883985714,5585,28.31288654567576
593,blackscholes___1___in_4K.txt___Black-Scholes_binary_output.txt.csv,94,8554,19727,30.246455217283692,69.75354478271632,5589,28.331728088406756
594,blackscholes___1___in_4K.txt___Black-Scholes_binary_output.txt.csv,95,8554,19727,30.246455217283692,69.75354478271632,5593,28.35200486642672
595,blackscholes___1___in_4K.txt___Black-Scholes_binary_output.txt.csv,96,8546,19735,30.218167674410378,69.78183232558962,5615,28.45198885229288
596,blackscholes___1___in_4K.txt___Black-Scholes_binary_output.txt.csv,97,8546,19735,30.218167674410378,69.78183232558962,5619,28.472257410691665
597,blackscholes___1___in_4K.txt___Black-Scholes_binary_output.txt.csv,98,8545,19736,30.21463173155122,69.78536826844878,5624,28.49614916903121
598,blackscholes___1___in_4K.txt___Black-Scholes_binary_output.txt.csv,99,8543,19738,30.207559845832893,69.79244015416711,5627,28.508460836964232
599,blackscholes___1___in_4K.txt___Black-Scholes_binary_output.txt.csv,100,8543,19738,30.207559845832893,69.79244015416711,5633,28.538859053602188
